{
    "ref": {
        "quaternion": [
            0.0,
            0.0,
            0.0,
            1.0
        ],
        "rotation_matrix": [
            [
                1.0,
                0.0,
                0.0
            ],
            [
                0.0,
                1.0,
                0.0
            ],
            [
                0.0,
                0.0,
                1.0
            ]
        ],
        "translation_vector": [
            0.0,
            0.0,
            0.0
        ]
    },
    "tar": {
        "quaternion": [
            -0.025755889357704505,
            0.9547463068858767,
            -0.01288877592124198,
            0.29602365295095096
        ],
        "rotation_matrix": [
            [
                -0.8234132621139375,
                -0.041549915429114556,
                0.5659189025847412
            ],
            [
                -0.05681144555020396,
                0.9983410272372913,
                -0.009362317516834556
            ],
            [
                -0.5645910550384063,
                -0.03985972732750702,
                -0.8244077526976537
            ]
        ],
        "translation_vector": [
            -2.8106356388328058,
            0.148399195343364,
            -1.0083119289216378
        ]
    }
}